{
    "threshold": [
        -0.020403275449845982,
        0.011190183094621314,
        0.04278364163908861,
        0.07437710018355591,
        0.1059705587280232,
        0.13756401727249049,
        0.16915747581695778,
        0.20075093436142508,
        0.23234439290589237,
        0.26393785145035964,
        0.29553130999482696,
        0.3271247685392943,
        0.35871822708376155,
        0.3903116856282288,
        0.42190514417269614,
        0.45349860271716347,
        0.48509206126163074,
        0.516685519806098,
        0.5482789783505653,
        0.5798724368950327,
        0.6114658954394999,
        0.6430593539839672,
        0.6746528125284346,
        0.7062462710729018,
        0.7378397296173691,
        0.7694331881618364,
        0.8010266467063036,
        0.832620105250771,
        0.8642135637952383,
        0.8958070223397055,
        0.9274004808841729
    ],
    "number_of_nodes": [
        5412,
        5412,
        5412,
        5412,
        5412,
        5412,
        5412,
        5412,
        5412,
        5412,
        5412,
        5412,
        5412,
        5412,
        5412,
        5412,
        5412,
        5412,
        5412,
        5412,
        5412,
        5412,
        5412,
        5412,
        5412,
        5412,
        5412,
        5412,
        5412,
        5412,
        5412
    ],
    "number_of_edges": [
        7214068,
        6344668,
        5579009,
        4902005,
        4301888,
        3769543,
        3295381,
        2871974,
        2495539,
        2159647,
        1861323,
        1597259,
        1365082,
        1161080,
        983682,
        829075,
        695099,
        579985,
        480836,
        395915,
        324153,
        263023,
        211632,
        168895,
        134227,
        105258,
        81237,
        60284,
        42856,
        27601,
        14967
    ],
    "density": [
        0.4926913135665857,
        0.4333148524610362,
        0.38102347699104083,
        0.33478687511123695,
        0.29380134059400775,
        0.25744435625166384,
        0.22506103263683802,
        0.19614406775609564,
        0.1704350981951714,
        0.1474950495712178,
        0.12712074156241637,
        0.10908625131008623,
        0.093229512628118,
        0.07929701111160739,
        0.06718145389145294,
        0.05662242867619449,
        0.047472416307805826,
        0.03961060132769974,
        0.03283913049476423,
        0.027039373819419888,
        0.02213832297762503,
        0.0179633942136703,
        0.014453599283056891,
        0.011534837127239236,
        0.009167154640918563,
        0.007188690525705008,
        0.005548154555821864,
        0.004117150427061133,
        0.0029268893686903974,
        0.0018850353151302888,
        0.0010221848324899472
    ],
    "mean_degree": [
        2665.9526977087953,
        2344.6666666666665,
        2061.7180339985216,
        1811.5317812269031,
        1589.759053954176,
        1393.031411677753,
        1217.8052475979305,
        1061.3355506282335,
        922.2243163340725,
        798.0957132298596,
        687.850332594235,
        590.2657058388766,
        504.46489283074646,
        429.0761271249076,
        363.51884700665187,
        306.3839615668884,
        256.8732446415373,
        214.3329637841833,
        177.69253510716925,
        146.310051736881,
        119.79046563192905,
        97.19992609017,
        78.20842572062084,
        62.4150036954915,
        49.603473762010346,
        38.8980044345898,
        30.021064301552105,
        22.27790096082779,
        15.83739837398374,
        10.199926090169992,
        5.531042128603104
    ],
    "median_degree": [
        2705.0,
        2398.5,
        2130.0,
        1888.0,
        1661.0,
        1459.0,
        1271.0,
        1097.0,
        943.5,
        810.0,
        694.0,
        588.0,
        495.0,
        416.0,
        363.0,
        299.0,
        247.0,
        200.0,
        160.0,
        126.0,
        98.0,
        75.0,
        55.0,
        40.0,
        28.0,
        19.0,
        12.0,
        7.0,
        4.0,
        2.0,
        1.0
    ],
    "std_of_degree": [
        241.3849214838685,
        267.03409692107266,
        299.6170214116085,
        316.33453199049137,
        317.34265086392963,
        307.76736093839247,
        292.0722995199817,
        272.17855612701044,
        251.0798517575734,
        229.01159064826098,
        207.07619645905348,
        186.33520581839676,
        167.86476445170618,
        151.15451646714192,
        136.4508547050633,
        124.20436819636573,
        113.93669473694683,
        105.60312824256597,
        98.74772105149412,
        93.02971587850233,
        87.70814161579285,
        82.80558946535886,
        78.20130429889187,
        73.59744472122455,
        68.97836064845411,
        63.77204080882448,
        57.282110058829666,
        49.40815281760233,
        40.20859990123932,
        29.538454023017614,
        18.22775038593633
    ],
    "max_degree": [
        3896,
        2876,
        2613,
        2335,
        2126,
        1949,
        1775,
        1623,
        1456,
        1322,
        1191,
        1064,
        954,
        857,
        762,
        665,
        590,
        524,
        460,
        407,
        385,
        383,
        376,
        367,
        359,
        335,
        315,
        295,
        264,
        212,
        151
    ],
    "min_degree": [
        1603,
        796,
        459,
        301,
        248,
        221,
        199,
        153,
        117,
        93,
        80,
        65,
        50,
        38,
        28,
        18,
        11,
        9,
        7,
        5,
        2,
        1,
        0,
        0,
        0,
        0,
        0,
        0,
        0,
        0,
        0
    ],
    "ratio_of_heterogeneous": [
        0.149648852769339,
        0.1272143790660126,
        0.10843036818904576,
        0.09323858298798145,
        0.08117249914456165,
        0.07181692847117012,
        0.06460527629430406,
        0.05905206662734412,
        0.054800586165954526,
        0.05138756472701326,
        0.048596079240411254,
        0.04604325284753443,
        0.04372484583343711,
        0.04143383746167362,
        0.039568681748776535,
        0.037604559298012846,
        0.0358136035298569,
        0.034188815227980035,
        0.03242893626933092,
        0.030791962921334126,
        0.0290480112786246,
        0.027488090395136548,
        0.026054660920843728,
        0.02419254566446609,
        0.022238446810254272,
        0.019884474339242623,
        0.018045964277361302,
        0.01653838497777188,
        0.014443718499159978,
        0.012137241404296947,
        0.010155675820137636
    ]
}